{
    "meta": {
        "name": "e8890[21.07.25]",
        "author": "yc@coolapk(powered by wipe-v2)",
        "features": "touch cpuload render standby sfanalysis ssanalysis dispfeature"
    },
    "common": {
        "verboseLog": {
            "note": "用于调试的详细日志",
            "enable": false
        },
        "switchInode": {
            "note": "接收性能模式切换的inode节点",
            "path": "/sdcard/yc/uperf/cur_powermode"
        },
        "inputReader": {
            "note": "用户输入读取提供触摸按下/点击/滑动hint。sampleIntervalMinMs:最小用户输入采样间隔。swipeThdPct:滑动大于此相对距离阈值认为是滑动操作。gesturePctX:全面屏手势识别起始坐标X轴阈值。gesturePctY:全面屏手势识别起始坐标X轴阈值。gestureDelayMs:全面屏手势退出延时。holdEnterMs:长时间保持触摸的时长。",
            "enable": true,
            "sampleIntervalMinMs": 20,
            "swipeThdPct": 0.04,
            "gesturePctX": 0.04,
            "gesturePctY": 0.03,
            "gestureDelayMs": 3000,
            "holdEnterMs": 1000
        },
        "loadMonitor": {
            "note": "系统负载监视器提供重负载hint。load:系统负载为所有核心的负载总和，单个核心负载=频率(Ghz)*效率(A53@1.0g为100)*负载(%)。heavyLoad:进入HeavyLoad的系统负载阈值。idleLoad:退出HeavyLoad的系统负载阈值。requestBurstSlackMs:在上一次HeavyLoad结束后，且在requestBurstSlack时间内没有HeavyLoad请求，才能响应新的HeavyLoad。",
            "enable": false,
            "sampleIntervalMinMs": 100,
            "heavyLoad": 1240,
            "idleLoad": 830,
            "requestBurstSlackMs": 3000
        },
        "sfAnalysis": {
            "note": "surfaceflinger分析器提供渲染开始/结束/滞后hint。boostCntMax:SfBoost可用次数缓存上限。boostGrowQuantumMs:每满此间隔没有SfBoost请求，则SfBoost可用次数+1。renderIdleSlackMs:进入渲染结束状态前的滞后时长。",
            "enable": true,
            "boostCntMax": 50,
            "boostGrowQuantumMs": 100,
            "renderIdleSlackMs": 1
        },
        "ssAnalysis": {
            "note": "system_server分析器提供系统过渡动画开始/结束hint。",
            "enable": true
        },
        "uxAffinity": {
            "note": "UX线程自动设置，固定高优先级的UX线程到大核，并限制低优先级线程的需求响应",
            "enable": true
        },
        "dispFeature": {
            "note": "动态屏幕刷新率。path:白名单配置文件路径。rampDownDelayMs:降低屏幕刷新率前延时，降低频繁切换对视觉效果的影响。",
            "enable": false,
            "path": "/sdcard/yc/uperf/cfg_uperf_display.txt",
            "rampDownDelayMs": 2000
        },
        "dispatch": [
            {
                "hint": "None",
                "action": "normal",
                "maxDuration": 0,
                "note": "无Hint的常规状态"
            },
            {
                "hint": "Active",
                "action": "normal",
                "maxDuration": 0,
                "note": "屏幕渲染刷新时切换的Hint"
            },
            {
                "hint": "Touch",
                "action": "interaction",
                "maxDuration": 0,
                "note": "触摸到屏幕切换的Hint"
            },
            {
                "hint": "Pressed",
                "action": "interaction",
                "maxDuration": 0,
                "note": "按住屏幕切换的Hint"
            },
            {
                "hint": "Tap",
                "action": "interaction",
                "maxDuration": 2000,
                "note": "点击松开屏幕切换的Hint"
            },
            {
                "hint": "Swipe",
                "action": "interaction",
                "maxDuration": 4000,
                "note": "在屏幕滑动一段距离松开后切换的Hint"
            },
            {
                "hint": "HeavyLoad",
                "action": "heavyLoad",
                "maxDuration": 2000,
                "note": "在Tap或Swipe检测到重负载后切换，负载降低后回落到Tap"
            },
            {
                "hint": "SfLag",
                "action": "sfLag",
                "maxDuration": 20,
                "note": "给Surfaceflinger的渲染提交出现滞后的Hint，滞后的渲染完成后会提前退出"
            },
            {
                "hint": "SfBoost",
                "action": "sfLag",
                "maxDuration": 100,
                "note": "同SfLag，针对某些重负载场景"
            },
            {
                "hint": "SsAnim",
                "action": "heavyLoad",
                "maxDuration": 300,
                "note": "系统过渡动画的Hint"
            },
            {
                "hint": "Wakeup",
                "action": "heavyLoad",
                "maxDuration": 1500,
                "note": "屏幕点亮Hint"
            }
        ],
        "stateTransition": {
            "note": "Hint状态转移表，key为源状态，value为目的状态列表（按优先级降序排列），不含状态退出转移",
            "None": [
                "Wakeup",
                "Touch",
                "Pressed",
                "Tap",
                "Swipe",
                "Active"
            ],
            "Active": [
                "Wakeup",
                "Touch",
                "Pressed",
                "Tap",
                "Swipe"
            ],
            "Touch": [
                "Wakeup",
                "SsAnim",
                "SfLag",
                "HeavyLoad"
            ],
            "Pressed": [
                "SsAnim",
                "SfBoost"
            ],
            "Tap": [
                "SsAnim",
                "SfLag",
                "HeavyLoad"
            ],
            "Swipe": [
                "SsAnim",
                "SfLag",
                "HeavyLoad"
            ],
            "HeavyLoad": [
                "SfBoost"
            ],
            "SfLag": [],
            "SfBoost": [],
            "SsAnim": [
                "SfBoost"
            ],
            "Wakeup": [
                "SfBoost"
            ]
        }
    },
    "platform": {
        "noteClusterCpuId": "集群的CPU代表id",
        "clusterCpuId": [
            0,
            4
        ],
        "noteEfficiency": "每个CPU核心的的相对同频性能，以Cortex-A53@1.0g为100",
        "efficiency": [
            100,
            100,
            100,
            100,
            160,
            160,
            160,
            160
        ],
        "knobs": [
            {
                "name": "cpuFreqMax",
                "path": "/sys/devices/system/cpu/cpu%d/cpufreq/scaling_max_freq",
                "type": "cpufreq",
                "enable": true,
                "note": "集群最大频率，单位为100Mhz"
            },
            {
                "name": "cpuFreqMin",
                "path": "/sys/devices/system/cpu/cpu%d/cpufreq/scaling_min_freq",
                "type": "cpufreq",
                "enable": true,
                "note": "集群最小频率，单位为100Mhz"
            },
            {
                "name": "littleHidelay",
                "path": "/sys/devices/system/cpu/cpu0/cpufreq/interactive/above_hispeed_delay",
                "type": "string",
                "enable": true,
                "note": "小核的above_hispeed_delay"
            },
            {
                "name": "littleHifreq",
                "path": "/sys/devices/system/cpu/cpu0/cpufreq/interactive/hispeed_freq",
                "type": "string",
                "enable": true,
                "note": "小核的hispeed_freq"
            },
            {
                "name": "littleHiload",
                "path": "/sys/devices/system/cpu/cpu0/cpufreq/interactive/go_hispeed_load",
                "type": "string",
                "enable": true,
                "note": "小核的go_hispeed_load"
            },
            {
                "name": "littleTgload",
                "path": "/sys/devices/system/cpu/cpu0/cpufreq/interactive/target_loads",
                "type": "string",
                "enable": true,
                "note": "小核的target_loads"
            },
            {
                "name": "littleMinSample",
                "path": "/sys/devices/system/cpu/cpu0/cpufreq/interactive/min_sample_time",
                "type": "string",
                "enable": true,
                "note": "小核的min_sample_time"
            },
            {
                "name": "littleHyst",
                "path": "/sys/devices/system/cpu/cpu0/cpufreq/interactive/max_freq_hysteresis",
                "type": "string",
                "enable": true,
                "note": "小核的max_freq_hysteresis"
            },
            {
                "name": "bigHidelay",
                "path": "/sys/devices/system/cpu/cpu4/cpufreq/interactive/above_hispeed_delay",
                "type": "string",
                "enable": true,
                "note": "大核的above_hispeed_delay"
            },
            {
                "name": "bigHifreq",
                "path": "/sys/devices/system/cpu/cpu4/cpufreq/interactive/hispeed_freq",
                "type": "string",
                "enable": true,
                "note": "大核的hispeed_freq"
            },
            {
                "name": "bigHiload",
                "path": "/sys/devices/system/cpu/cpu4/cpufreq/interactive/go_hispeed_load",
                "type": "string",
                "enable": true,
                "note": "大核的go_hispeed_load"
            },
            {
                "name": "bigTgload",
                "path": "/sys/devices/system/cpu/cpu4/cpufreq/interactive/target_loads",
                "type": "string",
                "enable": true,
                "note": "大核的target_loads"
            },
            {
                "name": "bigMinSample",
                "path": "/sys/devices/system/cpu/cpu4/cpufreq/interactive/min_sample_time",
                "type": "string",
                "enable": true,
                "note": "大核的min_sample_time"
            },
            {
                "name": "bigHyst",
                "path": "/sys/devices/system/cpu/cpu4/cpufreq/interactive/max_freq_hysteresis",
                "type": "string",
                "enable": true,
                "note": "大核的max_freq_hysteresis"
            },
            {
                "name": "uxAffinity",
                "path": "placeholder",
                "type": "uxaffinity",
                "enable": true,
                "note": "0=idle，1=active，2=pulse，3=heavy，4=unlimited"
            }
        ]
    },
    "powermodes": [
        {
            "name": "balance",
            "note": "均衡模式，比原厂略流畅的同时略省电(相对卡顿百分比 50.0% 相对续航 121.6%)",
            "actions": {
                "normal": {
                    "cpuFreqMax": "16,27",
                    "cpuFreqMin": "4,7",
                    "littleHidelay": "38000",
                    "littleHifreq": "1378000",
                    "littleHiload": "43",
                    "littleTgload": "52 546000:48 754000:22 858000:56 962000:67 1066000:82 1170000:60 1274000:12 1378000:61 1482000:39 1586000:56",
                    "littleMinSample": "38000",
                    "littleHyst": "18000",
                    "bigHidelay": "78000 1040000:18000 1144000:78000 1248000:38000 1456000:18000 1560000:38000 1664000:18000 1768000:38000 1872000:78000 2496000:58000",
                    "bigHifreq": "832000",
                    "bigHiload": "71",
                    "bigTgload": "71 832000:14 936000:97 1040000:89 1144000:83 1248000:10 1352000:34 1456000:28 1560000:26 1664000:51 1768000:16 1872000:77 1976000:99 2080000:98 2184000:99 2496000:98 2600000:97",
                    "bigMinSample": "18000",
                    "bigHyst": "18000",
                    "uxAffinity": "0"
                },
                "interaction": {
                    "cpuFreqMax": "16,19",
                    "cpuFreqMin": "5,10",
                    "littleHidelay": "38000",
                    "littleHifreq": "1378000",
                    "littleHiload": "43",
                    "littleTgload": "52 546000:48 754000:22 858000:56 962000:67 1066000:82 1170000:60 1274000:12 1378000:61 1482000:39 1586000:56",
                    "littleMinSample": "38000",
                    "littleHyst": "18000",
                    "bigHidelay": "78000 1040000:18000 1144000:78000 1248000:38000 1456000:18000 1560000:38000 1664000:18000 1768000:38000 1872000:78000 2496000:58000",
                    "bigHifreq": "832000",
                    "bigHiload": "71",
                    "bigTgload": "71 832000:14 936000:97 1040000:89 1144000:83 1248000:10 1352000:34 1456000:28 1560000:26 1664000:51 1768000:16 1872000:77 1976000:99 2080000:98 2184000:99 2496000:98 2600000:97",
                    "bigMinSample": "18000",
                    "bigHyst": "18000",
                    "uxAffinity": "1"
                },
                "heavyLoad": {
                    "cpuFreqMax": "99,99",
                    "cpuFreqMin": "10,10",
                    "littleHidelay": "18000",
                    "littleHifreq": "1200000",
                    "littleHiload": "90",
                    "littleTgload": "70 1500000:90",
                    "littleMinSample": "18000",
                    "littleHyst": "78000",
                    "bigHidelay": "18000 1800000:78000",
                    "bigHifreq": "1500000",
                    "bigHiload": "90",
                    "bigTgload": "70 1800000:95",
                    "bigMinSample": "18000",
                    "bigHyst": "18000",
                    "uxAffinity": "1"
                },
                "sfLag": {
                    "cpuFreqMax": "16,21",
                    "cpuFreqMin": "12,20",
                    "uxAffinity": "1"
                }
            }
        },
        {
            "name": "powersave",
            "note": "卡顿模式，保证基本流畅的同时尽可能降低功耗(相对卡顿百分比 99.4% 相对续航 133.8%)",
            "actions": {
                "normal": {
                    "cpuFreqMax": "16,27",
                    "cpuFreqMin": "4,7",
                    "littleHidelay": "58000 1274000:38000 1482000:78000",
                    "littleHifreq": "1066000",
                    "littleHiload": "71",
                    "littleTgload": "10 546000:43 754000:67 858000:53 962000:16 1066000:54 1170000:13 1274000:7 1378000:35 1482000:72 1586000:38",
                    "littleMinSample": "58000",
                    "littleHyst": "18000",
                    "bigHidelay": "78000 1040000:18000 1144000:58000 1248000:78000 1352000:38000 1456000:18000 1560000:38000 1664000:78000",
                    "bigHifreq": "832000",
                    "bigHiload": "74",
                    "bigTgload": "93 832000:67 936000:59 1040000:91 1144000:88 1248000:67 1352000:59 1456000:94 1560000:25 1664000:29 1768000:36 1872000:90 1976000:98 2080000:99 2496000:96 2600000:97",
                    "bigMinSample": "18000",
                    "bigHyst": "18000",
                    "uxAffinity": "0"
                },
                "interaction": {
                    "cpuFreqMax": "16,19",
                    "cpuFreqMin": "4,8",
                    "littleHidelay": "58000 1274000:38000 1482000:78000",
                    "littleHifreq": "1066000",
                    "littleHiload": "71",
                    "littleTgload": "10 546000:43 754000:67 858000:53 962000:16 1066000:54 1170000:13 1274000:7 1378000:35 1482000:72 1586000:38",
                    "littleMinSample": "58000",
                    "littleHyst": "18000",
                    "bigHidelay": "78000 1040000:18000 1144000:58000 1248000:78000 1352000:38000 1456000:18000 1560000:38000 1664000:78000",
                    "bigHifreq": "832000",
                    "bigHiload": "74",
                    "bigTgload": "93 832000:67 936000:59 1040000:91 1144000:88 1248000:67 1352000:59 1456000:94 1560000:25 1664000:29 1768000:36 1872000:90 1976000:98 2080000:99 2496000:96 2600000:97",
                    "bigMinSample": "18000",
                    "bigHyst": "18000",
                    "uxAffinity": "0"
                },
                "heavyLoad": {
                    "cpuFreqMax": "99,99",
                    "cpuFreqMin": "10,10",
                    "littleHidelay": "18000",
                    "littleHifreq": "1200000",
                    "littleHiload": "90",
                    "littleTgload": "70 1500000:90",
                    "littleMinSample": "18000",
                    "littleHyst": "78000",
                    "bigHidelay": "18000 1800000:78000",
                    "bigHifreq": "1500000",
                    "bigHiload": "90",
                    "bigTgload": "70 1800000:95",
                    "bigMinSample": "18000",
                    "bigHyst": "18000",
                    "uxAffinity": "0"
                },
                "sfLag": {
                    "cpuFreqMax": "16,19",
                    "cpuFreqMin": "12,16",
                    "uxAffinity": "1"
                }
            }
        },
        {
            "name": "performance",
            "note": "费电模式，保证费电的同时多一点流畅度",
            "actions": {
                "normal": {
                    "cpuFreqMax": "16,27",
                    "cpuFreqMin": "4,7",
                    "littleHidelay": "18000",
                    "littleHifreq": "1200000",
                    "littleHiload": "90",
                    "littleTgload": "70 1500000:90",
                    "littleMinSample": "18000",
                    "littleHyst": "78000",
                    "bigHidelay": "18000 1800000:78000",
                    "bigHifreq": "1500000",
                    "bigHiload": "90",
                    "bigTgload": "70 1800000:95",
                    "bigMinSample": "18000",
                    "bigHyst": "18000",
                    "uxAffinity": "3"
                },
                "interaction": {
                    "cpuFreqMax": "13,21",
                    "cpuFreqMin": "12,20",
                    "littleHidelay": "18000",
                    "littleHifreq": "1200000",
                    "littleHiload": "90",
                    "littleTgload": "70 1500000:90",
                    "littleMinSample": "18000",
                    "littleHyst": "78000",
                    "bigHidelay": "18000 1800000:78000",
                    "bigHifreq": "1500000",
                    "bigHiload": "90",
                    "bigTgload": "70 1800000:95",
                    "bigMinSample": "18000",
                    "bigHyst": "18000",
                    "uxAffinity": "3"
                },
                "heavyLoad": {
                    "cpuFreqMax": "99,99",
                    "cpuFreqMin": "10,10",
                    "littleHidelay": "18000",
                    "littleHifreq": "1200000",
                    "littleHiload": "90",
                    "littleTgload": "70 1500000:90",
                    "littleMinSample": "18000",
                    "littleHyst": "78000",
                    "bigHidelay": "18000 1800000:78000",
                    "bigHifreq": "1500000",
                    "bigHiload": "90",
                    "bigTgload": "70 1800000:95",
                    "bigMinSample": "18000",
                    "bigHyst": "18000",
                    "uxAffinity": "3"
                },
                "sfLag": {
                    "cpuFreqMax": "16,27",
                    "cpuFreqMin": "15,26",
                    "uxAffinity": "3"
                }
            }
        }
    ]
}