{
    "meta": {
        "name": "sdm821-v3-hmp[21.07.25]",
        "author": "yc@coolapk(powered by wipe-v2)",
        "features": "touch cpuload render standby sfanalysis ssanalysis dispfeature"
    },
    "common": {
        "verboseLog": {
            "note": "用于调试的详细日志",
            "enable": false
        },
        "switchInode": {
            "note": "接收性能模式切换的inode节点",
            "path": "/sdcard/yc/uperf/cur_powermode"
        },
        "inputReader": {
            "note": "用户输入读取提供触摸按下/点击/滑动hint。sampleIntervalMinMs:最小用户输入采样间隔。swipeThdPct:滑动大于此相对距离阈值认为是滑动操作。gesturePctX:全面屏手势识别起始坐标X轴阈值。gesturePctY:全面屏手势识别起始坐标X轴阈值。gestureDelayMs:全面屏手势退出延时。holdEnterMs:长时间保持触摸的时长。",
            "enable": true,
            "sampleIntervalMinMs": 20,
            "swipeThdPct": 0.04,
            "gesturePctX": 0.04,
            "gesturePctY": 0.03,
            "gestureDelayMs": 3000,
            "holdEnterMs": 1000
        },
        "loadMonitor": {
            "note": "系统负载监视器提供重负载hint。load:系统负载为所有核心的负载总和，单个核心负载=频率(Ghz)*效率(A53@1.0g为100)*负载(%)。heavyLoad:进入HeavyLoad的系统负载阈值。idleLoad:退出HeavyLoad的系统负载阈值。requestBurstSlackMs:在上一次HeavyLoad结束后，且在requestBurstSlack时间内没有HeavyLoad请求，才能响应新的HeavyLoad。",
            "enable": false,
            "sampleIntervalMinMs": 100,
            "heavyLoad": 740,
            "idleLoad": 490,
            "requestBurstSlackMs": 3000
        },
        "sfAnalysis": {
            "note": "surfaceflinger分析器提供渲染开始/结束/滞后hint。boostCntMax:SfBoost可用次数缓存上限。boostGrowQuantumMs:每满此间隔没有SfBoost请求，则SfBoost可用次数+1。renderIdleSlackMs:进入渲染结束状态前的滞后时长。",
            "enable": true,
            "boostCntMax": 50,
            "boostGrowQuantumMs": 100,
            "renderIdleSlackMs": 1
        },
        "ssAnalysis": {
            "note": "system_server分析器提供系统过渡动画开始/结束hint。",
            "enable": true
        },
        "uxAffinity": {
            "note": "UX线程自动设置，固定高优先级的UX线程到大核，并限制低优先级线程的需求响应",
            "enable": true
        },
        "dispFeature": {
            "note": "动态屏幕刷新率。path:白名单配置文件路径。rampDownDelayMs:降低屏幕刷新率前延时，降低频繁切换对视觉效果的影响。",
            "enable": false,
            "path": "/sdcard/yc/uperf/cfg_uperf_display.txt",
            "rampDownDelayMs": 2000
        },
        "dispatch": [
            {
                "hint": "None",
                "action": "normal",
                "maxDuration": 0,
                "note": "无Hint的常规状态"
            },
            {
                "hint": "Active",
                "action": "normal",
                "maxDuration": 0,
                "note": "屏幕渲染刷新时切换的Hint"
            },
            {
                "hint": "Touch",
                "action": "interaction",
                "maxDuration": 0,
                "note": "触摸到屏幕切换的Hint"
            },
            {
                "hint": "Pressed",
                "action": "interaction",
                "maxDuration": 0,
                "note": "按住屏幕切换的Hint"
            },
            {
                "hint": "Tap",
                "action": "interaction",
                "maxDuration": 2000,
                "note": "点击松开屏幕切换的Hint"
            },
            {
                "hint": "Swipe",
                "action": "interaction",
                "maxDuration": 4000,
                "note": "在屏幕滑动一段距离松开后切换的Hint"
            },
            {
                "hint": "HeavyLoad",
                "action": "heavyLoad",
                "maxDuration": 2000,
                "note": "在Tap或Swipe检测到重负载后切换，负载降低后回落到Tap"
            },
            {
                "hint": "SfLag",
                "action": "sfLag",
                "maxDuration": 20,
                "note": "给Surfaceflinger的渲染提交出现滞后的Hint，滞后的渲染完成后会提前退出"
            },
            {
                "hint": "SfBoost",
                "action": "sfLag",
                "maxDuration": 100,
                "note": "同SfLag，针对某些重负载场景"
            },
            {
                "hint": "SsAnim",
                "action": "heavyLoad",
                "maxDuration": 300,
                "note": "系统过渡动画的Hint"
            },
            {
                "hint": "Wakeup",
                "action": "heavyLoad",
                "maxDuration": 1500,
                "note": "屏幕点亮Hint"
            }
        ],
        "stateTransition": {
            "note": "Hint状态转移表，key为源状态，value为目的状态列表（按优先级降序排列），不含状态退出转移",
            "None": [
                "Wakeup",
                "Touch",
                "Pressed",
                "Tap",
                "Swipe",
                "Active"
            ],
            "Active": [
                "Wakeup",
                "Touch",
                "Pressed",
                "Tap",
                "Swipe"
            ],
            "Touch": [
                "Wakeup",
                "SsAnim",
                "SfLag",
                "HeavyLoad"
            ],
            "Pressed": [
                "SsAnim",
                "SfBoost"
            ],
            "Tap": [
                "SsAnim",
                "SfLag",
                "HeavyLoad"
            ],
            "Swipe": [
                "SsAnim",
                "SfLag",
                "HeavyLoad"
            ],
            "HeavyLoad": [
                "SfBoost"
            ],
            "SfLag": [],
            "SfBoost": [],
            "SsAnim": [
                "SfBoost"
            ],
            "Wakeup": [
                "SfBoost"
            ]
        }
    },
    "platform": {
        "noteClusterCpuId": "集群的CPU代表id",
        "clusterCpuId": [
            0,
            2
        ],
        "noteEfficiency": "每个CPU核心的的相对同频性能，以Cortex-A53@1.0g为100",
        "efficiency": [
            150,
            150,
            160,
            160
        ],
        "knobs": [
            {
                "name": "cpuFreqMax",
                "path": "/sys/devices/system/cpu/cpu%d/cpufreq/scaling_max_freq",
                "type": "cpufreq",
                "enable": true,
                "note": "集群最大频率，单位为100Mhz"
            },
            {
                "name": "cpuFreqMin",
                "path": "/sys/devices/system/cpu/cpu%d/cpufreq/scaling_min_freq",
                "type": "cpufreq",
                "enable": true,
                "note": "集群最小频率，单位为100Mhz"
            },
            {
                "name": "littleHidelay",
                "path": "/sys/devices/system/cpu/cpu0/cpufreq/interactive/above_hispeed_delay",
                "type": "string",
                "enable": true,
                "note": "小核的above_hispeed_delay"
            },
            {
                "name": "littleHifreq",
                "path": "/sys/devices/system/cpu/cpu0/cpufreq/interactive/hispeed_freq",
                "type": "string",
                "enable": true,
                "note": "小核的hispeed_freq"
            },
            {
                "name": "littleHiload",
                "path": "/sys/devices/system/cpu/cpu0/cpufreq/interactive/go_hispeed_load",
                "type": "string",
                "enable": true,
                "note": "小核的go_hispeed_load"
            },
            {
                "name": "littleTgload",
                "path": "/sys/devices/system/cpu/cpu0/cpufreq/interactive/target_loads",
                "type": "string",
                "enable": true,
                "note": "小核的target_loads"
            },
            {
                "name": "littleMinSample",
                "path": "/sys/devices/system/cpu/cpu0/cpufreq/interactive/min_sample_time",
                "type": "string",
                "enable": true,
                "note": "小核的min_sample_time"
            },
            {
                "name": "littleHyst",
                "path": "/sys/devices/system/cpu/cpu0/cpufreq/interactive/max_freq_hysteresis",
                "type": "string",
                "enable": true,
                "note": "小核的max_freq_hysteresis"
            },
            {
                "name": "bigHidelay",
                "path": "/sys/devices/system/cpu/cpu2/cpufreq/interactive/above_hispeed_delay",
                "type": "string",
                "enable": true,
                "note": "大核的above_hispeed_delay"
            },
            {
                "name": "bigHifreq",
                "path": "/sys/devices/system/cpu/cpu2/cpufreq/interactive/hispeed_freq",
                "type": "string",
                "enable": true,
                "note": "大核的hispeed_freq"
            },
            {
                "name": "bigHiload",
                "path": "/sys/devices/system/cpu/cpu2/cpufreq/interactive/go_hispeed_load",
                "type": "string",
                "enable": true,
                "note": "大核的go_hispeed_load"
            },
            {
                "name": "bigTgload",
                "path": "/sys/devices/system/cpu/cpu2/cpufreq/interactive/target_loads",
                "type": "string",
                "enable": true,
                "note": "大核的target_loads"
            },
            {
                "name": "bigMinSample",
                "path": "/sys/devices/system/cpu/cpu2/cpufreq/interactive/min_sample_time",
                "type": "string",
                "enable": true,
                "note": "大核的min_sample_time"
            },
            {
                "name": "bigHyst",
                "path": "/sys/devices/system/cpu/cpu2/cpufreq/interactive/max_freq_hysteresis",
                "type": "string",
                "enable": true,
                "note": "大核的max_freq_hysteresis"
            },
            {
                "name": "downmigrate",
                "path": "/proc/sys/kernel/sched_downmigrate",
                "type": "string",
                "enable": true,
                "note": "如果任务负载占小核容量的百分比小于此阈值，迁移到小核"
            },
            {
                "name": "upmigrate",
                "path": "/proc/sys/kernel/sched_upmigrate",
                "type": "string",
                "enable": true,
                "note": "如果任务负载占小核容量的百分比大于此阈值，迁移到大核"
            },
            {
                "name": "downmigrate2",
                "path": "/proc/sys/kernel/sched_downmigrate",
                "type": "string",
                "enable": true,
                "note": "如果任务负载占小核容量的百分比小于此阈值，迁移到小核，解决down>up的情况"
            },
            {
                "name": "ddrBwMax",
                "path": "/sys/class/devfreq/soc:qcom,cpubw/max_freq",
                "type": "string",
                "enable": true,
                "note": "DDR最大带宽"
            },
            {
                "name": "ddrBwMin",
                "path": "/sys/class/devfreq/soc:qcom,cpubw/min_freq",
                "type": "string",
                "enable": true,
                "note": "DDR最小带宽"
            },
            {
                "name": "ddrLatBig",
                "path": "/sys/class/devfreq/soc:qcom,memlat-cpu2/mem_latency/ratio_ceil",
                "type": "string",
                "enable": true,
                "note": "大核DDR延迟控制，在DDR命中率降低时，值越大越容易提升DDR频率"
            },
            {
                "name": "uxAffinity",
                "path": "placeholder",
                "type": "uxaffinity",
                "enable": true,
                "note": "0=idle，1=active，2=pulse，3=heavy，4=unlimited"
            }
        ]
    },
    "powermodes": [
        {
            "name": "balance",
            "note": "均衡模式，比原厂略流畅的同时略省电(相对卡顿百分比 49.6% 相对续航 115.0%)",
            "actions": {
                "normal": {
                    "cpuFreqMax": "16,24",
                    "cpuFreqMin": "3,3",
                    "littleHidelay": "38000 1132000:18000 1209000:58000 1286000:78000 1363000:38000 1440000:78000 1516000:38000 1593000:58000",
                    "littleHifreq": "979000",
                    "littleHiload": "95",
                    "littleTgload": "80 384000:59 460000:67 537000:58 614000:67 691000:70 768000:56 844000:76 902000:74 979000:85 1056000:83 1132000:76 1209000:62 1286000:49 1363000:62 1440000:97 1516000:78 1593000:70",
                    "littleMinSample": "18000",
                    "littleHyst": "18000",
                    "bigHidelay": "78000 691000:58000 748000:78000 825000:18000 902000:58000 1056000:78000 1132000:18000 1209000:58000 1440000:78000 1516000:58000 1593000:38000 1670000:78000 1747000:58000 1900000:38000 2054000:58000 2150000:78000 2246000:38000",
                    "bigHifreq": "614000",
                    "bigHiload": "84",
                    "bigTgload": "28 384000:24 460000:46 537000:37 614000:29 691000:50 748000:57 825000:73 902000:67 979000:59 1056000:56 1132000:87 1209000:90 1286000:87 1363000:71 1440000:56 1516000:33 1593000:15 1670000:3 1747000:70 1824000:99 1900000:77 1977000:97 2054000:98",
                    "bigMinSample": "18000",
                    "bigHyst": "18000",
                    "downmigrate": "45",
                    "upmigrate": "45",
                    "downmigrate2": "45",
                    "ddrBwMax": "12000",
                    "ddrBwMin": "0",
                    "ddrLatBig": "400",
                    "uxAffinity": "1"
                },
                "interaction": {
                    "cpuFreqMax": "16,18",
                    "cpuFreqMin": "3,3",
                    "littleHidelay": "38000 1132000:18000 1209000:58000 1286000:78000 1363000:38000 1440000:78000 1516000:38000 1593000:58000",
                    "littleHifreq": "979000",
                    "littleHiload": "95",
                    "littleTgload": "80 384000:59 460000:67 537000:58 614000:67 691000:70 768000:56 844000:76 902000:74 979000:85 1056000:83 1132000:76 1209000:62 1286000:49 1363000:62 1440000:97 1516000:78 1593000:70",
                    "littleMinSample": "18000",
                    "littleHyst": "18000",
                    "bigHidelay": "78000 691000:58000 748000:78000 825000:18000 902000:58000 1056000:78000 1132000:18000 1209000:58000 1440000:78000 1516000:58000 1593000:38000 1670000:78000 1747000:58000 1900000:38000 2054000:58000 2150000:78000 2246000:38000",
                    "bigHifreq": "614000",
                    "bigHiload": "84",
                    "bigTgload": "28 384000:24 460000:46 537000:37 614000:29 691000:50 748000:57 825000:73 902000:67 979000:59 1056000:56 1132000:87 1209000:90 1286000:87 1363000:71 1440000:56 1516000:33 1593000:15 1670000:3 1747000:70 1824000:99 1900000:77 1977000:97 2054000:98",
                    "bigMinSample": "18000",
                    "bigHyst": "18000",
                    "downmigrate": "30",
                    "upmigrate": "59",
                    "downmigrate2": "30",
                    "ddrBwMax": "12000",
                    "ddrBwMin": "5000",
                    "ddrLatBig": "800",
                    "uxAffinity": "1"
                },
                "heavyLoad": {
                    "cpuFreqMax": "99,99",
                    "cpuFreqMin": "10,10",
                    "littleHidelay": "18000",
                    "littleHifreq": "1200000",
                    "littleHiload": "90",
                    "littleTgload": "70 1500000:90",
                    "littleMinSample": "18000",
                    "littleHyst": "78000",
                    "bigHidelay": "18000 1800000:78000",
                    "bigHifreq": "1500000",
                    "bigHiload": "90",
                    "bigTgload": "70 1800000:95",
                    "bigMinSample": "18000",
                    "bigHyst": "18000",
                    "downmigrate": "40",
                    "upmigrate": "80",
                    "downmigrate2": "40",
                    "ddrBwMax": "14000",
                    "ddrBwMin": "11000",
                    "ddrLatBig": "800",
                    "uxAffinity": "1"
                },
                "sfLag": {
                    "cpuFreqMax": "16,21",
                    "cpuFreqMin": "15,20",
                    "ddrBwMin": "11000",
                    "uxAffinity": "1"
                }
            }
        },
        {
            "name": "powersave",
            "note": "卡顿模式，保证基本流畅的同时尽可能降低功耗(相对卡顿百分比 100.0% 相对续航 139.8%)",
            "actions": {
                "normal": {
                    "cpuFreqMax": "16,24",
                    "cpuFreqMin": "3,3",
                    "littleHidelay": "78000 902000:38000 979000:18000 1056000:38000 1286000:58000 1363000:78000 1593000:38000",
                    "littleHifreq": "844000",
                    "littleHiload": "95",
                    "littleTgload": "85 384000:39 460000:50 537000:33 614000:68 691000:63 768000:77 844000:80 902000:82 979000:84 1132000:56 1209000:52 1286000:17 1363000:88 1440000:25 1516000:24 1593000:75",
                    "littleMinSample": "18000",
                    "littleHyst": "18000",
                    "bigHidelay": "58000 691000:38000 748000:58000 902000:78000 979000:38000 1056000:18000 1286000:58000 1363000:78000 1516000:58000 1593000:38000 1670000:58000 1747000:38000 1824000:18000 1900000:38000 1977000:78000 2054000:58000 2246000:78000",
                    "bigHifreq": "614000",
                    "bigHiload": "56",
                    "bigTgload": "81 384000:38 460000:15 537000:60 614000:53 691000:61 748000:44 825000:30 902000:61 979000:58 1056000:55 1132000:93 1209000:80 1286000:85 1363000:64 1440000:16 1516000:53 1593000:45 1670000:51 1747000:72 1824000:48 1900000:97 1977000:94 2054000:98",
                    "bigMinSample": "18000",
                    "bigHyst": "18000",
                    "downmigrate": "45",
                    "upmigrate": "45",
                    "downmigrate2": "45",
                    "ddrBwMax": "12000",
                    "ddrBwMin": "0",
                    "ddrLatBig": "400",
                    "uxAffinity": "1"
                },
                "interaction": {
                    "cpuFreqMax": "16,18",
                    "cpuFreqMin": "3,3",
                    "littleHidelay": "78000 902000:38000 979000:18000 1056000:38000 1286000:58000 1363000:78000 1593000:38000",
                    "littleHifreq": "844000",
                    "littleHiload": "95",
                    "littleTgload": "85 384000:39 460000:50 537000:33 614000:68 691000:63 768000:77 844000:80 902000:82 979000:84 1132000:56 1209000:52 1286000:17 1363000:88 1440000:25 1516000:24 1593000:75",
                    "littleMinSample": "18000",
                    "littleHyst": "18000",
                    "bigHidelay": "58000 691000:38000 748000:58000 902000:78000 979000:38000 1056000:18000 1286000:58000 1363000:78000 1516000:58000 1593000:38000 1670000:58000 1747000:38000 1824000:18000 1900000:38000 1977000:78000 2054000:58000 2246000:78000",
                    "bigHifreq": "614000",
                    "bigHiload": "56",
                    "bigTgload": "81 384000:38 460000:15 537000:60 614000:53 691000:61 748000:44 825000:30 902000:61 979000:58 1056000:55 1132000:93 1209000:80 1286000:85 1363000:64 1440000:16 1516000:53 1593000:45 1670000:51 1747000:72 1824000:48 1900000:97 1977000:94 2054000:98",
                    "bigMinSample": "18000",
                    "bigHyst": "18000",
                    "downmigrate": "42",
                    "upmigrate": "52",
                    "downmigrate2": "42",
                    "ddrBwMax": "12000",
                    "ddrBwMin": "5000",
                    "ddrLatBig": "400",
                    "uxAffinity": "1"
                },
                "heavyLoad": {
                    "cpuFreqMax": "99,99",
                    "cpuFreqMin": "10,10",
                    "littleHidelay": "18000",
                    "littleHifreq": "1200000",
                    "littleHiload": "90",
                    "littleTgload": "70 1500000:90",
                    "littleMinSample": "18000",
                    "littleHyst": "78000",
                    "bigHidelay": "18000 1800000:78000",
                    "bigHifreq": "1500000",
                    "bigHiload": "90",
                    "bigTgload": "70 1800000:95",
                    "bigMinSample": "18000",
                    "bigHyst": "18000",
                    "downmigrate": "40",
                    "upmigrate": "80",
                    "downmigrate2": "40",
                    "ddrBwMax": "12000",
                    "ddrBwMin": "5000",
                    "ddrLatBig": "800",
                    "uxAffinity": "1"
                },
                "sfLag": {
                    "cpuFreqMax": "16,18",
                    "cpuFreqMin": "11,15",
                    "ddrBwMin": "5000",
                    "uxAffinity": "1"
                }
            }
        },
        {
            "name": "performance",
            "note": "费电模式，保证费电的同时多一点流畅度",
            "actions": {
                "normal": {
                    "cpuFreqMax": "16,24",
                    "cpuFreqMin": "3,3",
                    "littleHidelay": "18000",
                    "littleHifreq": "1200000",
                    "littleHiload": "90",
                    "littleTgload": "70 1500000:90",
                    "littleMinSample": "18000",
                    "littleHyst": "78000",
                    "bigHidelay": "18000 1800000:78000",
                    "bigHifreq": "1500000",
                    "bigHiload": "90",
                    "bigTgload": "70 1800000:95",
                    "bigMinSample": "18000",
                    "bigHyst": "18000",
                    "downmigrate": "40",
                    "upmigrate": "80",
                    "downmigrate2": "40",
                    "ddrBwMax": "12000",
                    "ddrBwMin": "5000",
                    "ddrLatBig": "400",
                    "uxAffinity": "1"
                },
                "interaction": {
                    "cpuFreqMax": "16,21",
                    "cpuFreqMin": "15,20",
                    "littleHidelay": "18000",
                    "littleHifreq": "1200000",
                    "littleHiload": "90",
                    "littleTgload": "70 1500000:90",
                    "littleMinSample": "18000",
                    "littleHyst": "78000",
                    "bigHidelay": "18000 1800000:78000",
                    "bigHifreq": "1500000",
                    "bigHiload": "90",
                    "bigTgload": "70 1800000:95",
                    "bigMinSample": "18000",
                    "bigHyst": "18000",
                    "downmigrate": "40",
                    "upmigrate": "80",
                    "downmigrate2": "40",
                    "ddrBwMax": "14000",
                    "ddrBwMin": "11000",
                    "ddrLatBig": "800",
                    "uxAffinity": "1"
                },
                "heavyLoad": {
                    "cpuFreqMax": "99,99",
                    "cpuFreqMin": "10,10",
                    "littleHidelay": "18000",
                    "littleHifreq": "1200000",
                    "littleHiload": "90",
                    "littleTgload": "70 1500000:90",
                    "littleMinSample": "18000",
                    "littleHyst": "78000",
                    "bigHidelay": "18000 1800000:78000",
                    "bigHifreq": "1500000",
                    "bigHiload": "90",
                    "bigTgload": "70 1800000:95",
                    "bigMinSample": "18000",
                    "bigHyst": "18000",
                    "downmigrate": "40",
                    "upmigrate": "80",
                    "downmigrate2": "40",
                    "ddrBwMax": "14000",
                    "ddrBwMin": "11000",
                    "ddrLatBig": "800",
                    "uxAffinity": "1"
                },
                "sfLag": {
                    "cpuFreqMax": "22,24",
                    "cpuFreqMin": "21,23",
                    "ddrBwMin": "11000",
                    "uxAffinity": "1"
                }
            }
        }
    ]
}